firstName,lastName,phoneNum,dob,age
firstName,lastName,phoneNum,dob,age
firstName,lastName,phoneNum,dob,age
firstName,lastName,phoneNum,dob,age
Joan,Byrne,098,2/2/75,45
Gideon,Jones,888,4/7/59,61
firstName,lastName,phoneNum,dob,age
Joan,Byrne,098,2/2/75,45
Gideon,Jones,888,4/7/59,61
firstName,lastName,phoneNum,dob,age
Joan,Byrne,098,2/2/75,45
Gideon,Jones,888,4/7/59,61
firstName,lastName,phoneNum,dob,age
firstName,lastName,phoneNum,dob,age
Joan,Byrne,098,2/2/75,45
Gideon,Jones,888,4/7/59,61
firstName,lastName,phoneNum,dob,age
Joan,Byrne,098,2/2/75,45
Gideon,Jones,888,4/7/59,61
firstName,lastName,phoneNum,dob,age
Joan,Byrne,098,2/2/75,45
Gideon,Jones,888,4/7/59,61
firstName,lastName,phoneNum,dob,age
Joan,Byrne,098,2/2/75,45
Gideon,Jones,888,4/7/59,61
firstName,lastName,phoneNum,dob,age
Joan,Byrne,098,2/2/75,45
Gideon,Jones,888,4/7/59,61
